ISO3_code,ISO2_code,PopTotal_2023,PopTotal_2030,PopTotal_2050,Growth_Factor_2023_2030,Growth_Factor_2023_2050,Country code,Fossil_2023,Hydro_2023,Nuclear_2023,Other Renewables_2023,Solar_2023,Wind_2023,Fossil_2030_extrapolated,Nuclear_2030_extrapolated,Fossil_2050_extrapolated,Hydro_2050_extrapolated,Nuclear_2050_extrapolated,Other Renewables_2050_extrapolated,Solar_2050_extrapolated,Wind_2050_extrapolated,country_code,country_name,ember_region,target_year,unit,res_capacity_target,res_share_target,Hydro_2030,Solar_2030,Wind_2030,Other Renewables_2030,Category
ABW,AW,107.939,107.864,100.002,0.9993051631013814,0.9264677271421822,ABW,0.22,0.0,0.0,0.0,0.01,0.03,0.2198471358823039,0.0,0.20382289997128009,0.0,0.0,0.0,0.009264677271421821,0.027794031814265464,,,,,,,,0.0,0.009993051631013813,0.02997915489304144,0.0,
AFG,AF,41454.761,50039.402,76885.135,1.207084561409002,1.854675630622982,AFG,0.27999999999999997,0.46,0.0,0.0,0.03,0.0,0.33798367719452055,0.0,0.5193091765744349,0.8531507900865717,0.0,0.0,0.05564026891868946,0.0,,,,,,,,0.5552588982481409,0.036212536842270056,0.0,0.0,
AGO,AO,36749.906,45160.458,74295.394,1.228859143204339,2.0216485451690676,AGO,1.71,3.73,0.0,0.05,0.31,0.0,2.1013491348794195,0.0,3.4570190122391056,7.5407490734806215,0.0,0.10108242725845339,0.6267110490024109,0.0,,,,,,,,4.583644604152185,0.3809463343933451,0.0,0.06144295716021695,
ALB,AL,2811.655,2671.885,2240.166,0.9502890646256387,0.7967428436276854,ALB,0.2,2.49,0.0,0.0,0.16,0.0,0.19005781292512774,0.0,0.1593485687255371,1.983889680632937,0.0,0.0,0.12747885498042968,0.0,ALB,Albania,Europe,2030.0,Capacity (GW),3.3,100.0,2.51,0.49,0.3,0.0,2.0
ARE,AE,10642.081,12190.605,15367.392,1.145509510780833,1.4440213337974028,ARE,43.24,0.0,4.17,0.01,5.92,0.1,49.53183124616322,4.776774659956073,62.4394824733997,0.0,6.02156896193517,0.01444021333797403,8.548606296080624,0.14440213337974028,ARE,United Arab Emirates,Middle East,2030.0,Capacity (GW),9.2,,0.0,9.032172470978441,0.1525704809286899,0.015257048092868989,5.0
ARG,AR,45538.401,46585.022,48308.944,1.022983261972681,1.0608397075690033,ARG,26.029999999999998,10.39,1.75,0.38,1.41,3.71,26.628254309148886,1.790220708452192,27.61365758802115,11.022124561641945,1.8564694882457558,0.4031190888762212,1.4957839876722945,3.9357153150810023,ARG,Argentina,Latin America and Caribbean,2030.0,Capacity (GW),32.472,47.39,13.215,4.936794545454545,12.989721818181819,1.3304836363636365,1.0
ARM,AM,2943.393,2851.291,2495.207,0.968708901597578,0.8477315125774914,ARM,2.05,1.36,0.45,0.0,0.4,0.0,1.9858532482750348,0.4359190057189101,1.737849600783857,1.1529148571053882,0.38147918065987113,0.0,0.3390926050309966,0.0,,,,,,,,1.3174441061727062,0.3874835606390312,0.0,0.0,
ASM,AS,47.521,42.958,37.545,0.9039792933650386,0.7900717577492057,ASM,0.05,0.0,0.0,0.0,0.0,0.0,0.045198964668251934,0.0,0.039503587887460286,0.0,0.0,0.0,0.0,0.0,,,,,,,,0.0,0.0,0.0,0.0,
ATG,AG,93.316,96.0,95.055,1.0287624844613998,1.018635603754983,ATG,0.11,0.0,0.0,0.0,0.02,0.0,0.11316387329075399,0.0,0.11204991641304814,0.0,0.0,0.0,0.02037271207509966,0.0,,,,,,,,0.0,0.020575249689227998,0.0,0.0,
AUS,AU,26451.124,28188.539,32506.969,1.0656839762272485,1.2289447132757005,AUS,52.33,8.44,0.0,0.88,33.68,11.33,55.76724247597191,0.0,64.31067684571741,10.372293380046912,0.0,1.0814713476826165,41.390857943125596,13.923943601413686,AUS,Australia,Oceania,2030.0,Capacity (GW),92.42052451,81.15,7.20812,50.79731936,34.41508515,0.0,2.0
AUT,AT,9130.429,9080.346,8724.332,0.9945147155736055,0.9555226813548411,AUT,5.82,14.71,0.0,1.2,6.83,3.98,5.7880756446383845,0.0,5.561142005485175,14.055738642729713,0.0,1.1466272176258092,6.526219913653565,3.8029802717922676,AUT,Austria,Europe,2030.0,Capacity (GW),35.7,93.9,14.97,12.5,7.3,0.93,2.0
AZE,AZ,10318.207,10665.38,11224.923,1.033646640351371,1.08787534500907,AZE,5.86,1.3,0.0,0.04,0.28,0.07,6.057169312459035,0.0,6.37494952175315,1.4142379485117909,0.0,0.043515013800362795,0.3046050966025396,0.0761512741506349,,,,,,,,1.3437406324567824,0.2894210592983839,0.07235526482459598,0.041345865614054844,
BDI,BI,13689.45,16182.016,24131.72,1.1820793384686747,1.7627968983414235,BDI,0.05,0.06,0.0,0.0,0.01,0.0,0.05910396692343374,0.0,0.08813984491707118,0.10576781390048541,0.0,0.0,0.017627968983414236,0.0,,,,,,,,0.07092476030812048,0.011820793384686747,0.0,0.0,
BEL,BE,11712.893,11824.141,11870.906,1.0094979096966052,1.0134905185251843,BEL,7.2700000000000005,0.12,3.84,0.87,8.55,5.5,7.339049803494321,3.876471973234964,7.36807606967809,0.12161886222302212,3.891803591136708,0.8817367511169104,8.665343933390327,5.574197851888514,BEL,Belgium,Europe,2030.0,Capacity (GW),23.75,64.90103943599999,0.15,11.6,11.1,0.9,2.0
BEN,BJ,14111.034,16618.822,24433.809,1.1777182309956875,1.7315392337655768,BEN,0.30000000000000004,0.0,0.0,0.0,0.03,0.0,0.35331546929870633,0.0,0.5194617701296731,0.0,0.0,0.0,0.051946177012967304,0.0,,,,,,,,0.0,0.03533154692987062,0.0,0.0,
BFA,BF,23025.776,26730.324,37304.383,1.1608869989875694,1.620114040890522,BFA,0.4,0.04,0.0,0.0,0.18,0.0,0.4643547995950278,0.0,0.6480456163562088,0.06480456163562087,0.0,0.0,0.2916205273602939,0.0,,,,,,,,0.04643547995950278,0.2089596598177625,0.0,0.0,
BGD,BD,171466.99,186072.407,214709.097,1.08517917647006,1.2521891064863273,BGD,23.88,0.23,0.0,0.01,0.77,0.0,25.914078734105033,0.0,29.902275862893497,0.2880034944918553,0.0,0.012521891064863273,0.9641856119944721,0.0,BGD,Bangladesh,Asia,2030.0,Capacity (GW),4.5,6.0,0.4,3.0,1.1,0.0,2.0
BGR,BG,6795.803,6458.243,5402.217,0.9503281657811447,0.794934314605647,BGR,6.3100000000000005,2.53,2.01,0.05,2.94,0.7,5.996570726079023,1.9101596132201006,5.016035525161633,2.0111838159522866,1.5978179723573502,0.03974671573028235,2.337106884940602,0.5564540202239528,BGR,Bulgaria,Europe,2030.0,Capacity (GW),10.9,45.91853859,2.5,5.5,2.6,0.3,2.0
BHR,BH,1569.666,1765.209,2139.465,1.1245761837231616,1.3630065249549905,BHR,8.6,0.0,0.0,0.0,0.06,0.0,9.671355180019189,0.0,11.721856114612917,0.0,0.0,0.0,0.08178039149729943,0.0,,,,,,,,0.0,0.06747457102338969,0.0,0.0,
BHS,BS,399.44,410.267,424.265,1.0271054476266774,1.0621495093130382,BHS,0.93,0.0,0.0,0.0,0.01,0.0,0.9552080662928101,0.0,0.9877990436611256,0.0,0.0,0.0,0.010621495093130382,0.0,,,,,,,,0.0,0.010271054476266774,0.0,0.0,
BIH,BA,3185.073,3013.974,2455.167,0.9462809800591698,0.7708353937256697,BIH,2.09,1.84,0.0,0.01,0.13,0.14,1.9777272483236648,0.0,1.6110459728866495,1.4183371244552323,0.0,0.007708353937256697,0.10020860118433705,0.10791695512159376,BIH,Bosnia Herzegovina,Europe,2030.0,Capacity (GW),4.644,,2.527,1.492,0.6,0.025,2.0
BLR,BY,9115.68,8687.632,7453.546,0.953042669334597,0.8176620943253822,BLR,9.72,0.1,1.17,0.14,0.27,0.12,9.263574745932283,1.1150599231214784,7.947675556842715,0.08176620943253822,0.956664650360697,0.11447269320555352,0.2207687654678532,0.09811945131904586,,,,,,,,0.09530426693345971,0.2573215207203412,0.11436512032015164,0.1334259737068436,
BLZ,BZ,411.106,449.839,516.627,1.0942165767466299,1.2566758938084095,BLZ,0.09,0.06,0.0,0.04,0.01,0.0,0.09847949190719668,0.0,0.11310083044275684,0.07540055362850456,0.0,0.05026703575233638,0.012566758938084096,0.0,,,,,,,,0.06565299460479779,0.010942165767466299,0.0,0.043768663069865196,
BMU,BM,64.698,63.868,56.937,0.9871711644873105,0.8800426597421869,BMU,0.11,0.0,0.0,0.0,0.0,0.0,0.10858882809360415,0.0,0.09680469257164055,0.0,0.0,0.0,0.0,0.0,,,,,,,,0.0,0.0,0.0,0.0,
BOL,BO,12244.159,13405.564,16110.162,1.0948537992686962,1.3157426328749897,BOL,2.6799999999999997,0.74,0.0,0.25,0.17,0.14,2.9342081820401056,0.0,3.526190256104972,0.9736495483274924,0.0,0.32893565821874743,0.22367624758874827,0.18420396860249857,,,,,,,,0.8101918114588351,0.18612514587567836,0.15327953189761748,0.27371344981717405,
BRA,BR,211140.729,216074.411,217489.299,1.023366794381012,1.0300679552925103,BRA,30.09,109.9,1.99,17.56,37.45,29.14,30.793106842924654,2.036499920818214,30.994744774751634,113.20446828664689,2.0498352310320955,18.087993294936478,38.576044925704515,30.01618021722375,BRA,Brazil,Latin America and Caribbean,2030.0,Capacity (GW),217.25,84.26,116.81,47.08,31.16,22.200000000000003,2.0
BRB,BB,282.336,282.49,264.216,1.0005454493936303,0.9358211492689561,BRB,0.3,0.0,0.0,0.0,0.07,0.0,0.3001636348180891,0.0,0.28074634478068683,0.0,0.0,0.0,0.06550748044882693,0.0,,,,,,,,0.0,0.07003818145755412,0.0,0.0,
BRN,BN,458.949,482.447,519.551,1.0511995886253156,1.1320451727751886,BRN,1.22,0.0,0.0,0.0,0.01,0.0,1.282463498122885,0.0,1.38109511078573,0.0,0.0,0.0,0.011320451727751885,0.0,,,,,,,,0.0,0.010511995886253156,0.0,0.0,
BTN,BT,786.385,820.694,882.34,1.0436287569066043,1.122020384417302,BTN,0.01,2.33,0.0,0.0,0.0,0.0,0.010436287569066043,0.0,0.01122020384417302,2.6143074956923136,0.0,0.0,0.0,0.0,,,,,,,,2.431655003592388,0.0,0.0,0.0,
BWA,BW,2480.244,2765.918,3437.43,1.1151797968264412,1.3859241268197804,BWA,0.8,0.0,0.0,0.0,0.01,0.0,0.892143837461153,0.0,1.1087393014558244,0.0,0.0,0.0,0.013859241268197804,0.0,BWA,Botswana,Africa,2030.0,Capacity (GW),0.45,,0.0,0.4,0.05,0.0,2.0
CAF,CF,5152.421,6478.245,10616.753,1.2573205877392395,2.0605367845523492,CAF,0.07,0.02,0.0,0.0,0.0,0.0,0.08801244114174678,0.0,0.14423757491866446,0.04121073569104699,0.0,0.0,0.0,0.0,,,,,,,,0.02514641175478479,0.0,0.0,0.0,
CAN,CA,39299.105,41655.589,45621.882,1.0599627905012086,1.1608885749433733,CAN,30.67,83.31,13.34,2.64,5.76,16.99,32.50905878467207,14.139903625286122,35.60445259351326,96.71362717853243,15.4862535897446,3.0647458378505057,6.68671819167383,19.72349688828791,CAN,Canada,North America,2030.0,Capacity (GW),124.643547687,72.4,89.08738940164747,6.025363217,26.70771611,2.8230789583525304,3.0
CHE,CH,8870.561,9130.292,9342.586,1.0292801097923796,1.0532125307520008,CHE,0.73,15.28,2.96,0.23,5.84,0.09,0.7513744801484371,3.0466691249854434,0.7688451474489606,16.093087469890573,3.1175090910259224,0.2422388820729602,6.150761179591685,0.09478912776768007,CHE,Switzerland,Europe,2030.0,Capacity (GW),27.6,83.49,17.1,9.8,0.3,0.4,2.0
CHL,CL,19658.835,20233.183,20320.306,1.0292157699070164,1.0336475177700002,CHL,11.219999999999999,7.47,0.0,0.6,8.47,4.51,11.547800938356723,0.0,11.5975251493794,7.721346957741901,0.0,0.6201885106620001,8.754994475511902,4.661750305142701,CHL,Chile,Latin America and Caribbean,2030.0,Capacity (GW),38.40324883,89.49593836999999,7.935239,14.25447763,15.3314522,0.88208,2.0
CHN,CN,1422584.933,1398153.832,1260289.093,0.9828262619452331,0.8859148327560701,CHN,1286.2300000000002,370.6,56.91,18.37,609.92,441.89,1264.1406229018176,55.93264256730321,1139.4902353358402,328.3200370193996,50.41741313214794,16.274255477729007,540.3371747945822,391.4769054465798,CHN,China,Asia,2030.0,Capacity (GW),2461.0,,554.0,1025.0,800.0,82.0,2.0
CIV,CI,31165.654,36699.009,55746.985,1.1775465709784239,1.7887314349315437,CIV,1.28,0.88,0.0,0.0,0.05,0.0,1.5072596108523826,0.0,2.289576236712376,1.5740836627397585,0.0,0.0,0.0894365717465772,0.0,,,,,,,,1.036240982461013,0.05887732854892119,0.0,0.0,
CMR,CM,28372.687,33777.19,51096.317,1.1904825933476093,1.800898060871006,CMR,0.37,0.81,0.0,0.0,0.05,0.0,0.4404785595386154,0.0,0.6663322825222722,1.4587274293055148,0.0,0.0,0.0900449030435503,0.0,,,,,,,,0.9642909006115636,0.059524129667380465,0.0,0.0,
COD,CD,105789.731,131532.201,218246.072,1.2433361892185926,2.063017553187653,COD,0.08,3.17,0.0,0.0,0.03,0.0,0.09946689513748741,0.0,0.16504140425501224,6.539765643604859,0.0,0.0,0.06189052659562958,0.0,,,,,,,,3.9413757198229384,0.03730008567655778,0.0,0.0,
COG,CG,6182.885,7282.266,11006.471,1.1778103587564703,1.7801513371185134,COG,0.5900000000000001,0.21,0.0,0.01,0.0,0.0,0.6949081116663176,0.0,1.0502892888999231,0.37383178079488777,0.0,0.017801513371185133,0.0,0.0,,,,,,,,0.24734017533885877,0.0,0.0,0.011778103587564703,
COK,CK,14.222,11.495,9.337,0.8082548164815075,0.656518070594853,COK,0.02,0.0,0.0,0.0,0.01,0.0,0.01616509632963015,0.0,0.01313036141189706,0.0,0.0,0.0,0.00656518070594853,0.0,,,,,,,,0.0,0.008082548164815075,0.0,0.0,
COL,CO,52321.152,55736.475,59385.357,1.0652761430023558,1.135016235881045,COL,7.4399999999999995,13.21,0.0,0.35,0.68,0.02,7.925654503937527,0.0,8.444520794954974,14.993564475988604,0.0,0.3972556825583657,0.7718110403991106,0.022700324717620898,COL,Colombia,Latin America and Caribbean,2030.0,Capacity (GW),19.0,,15.0,1.0,3.0,0.0,2.0
COM,KM,850.387,964.264,1307.558,1.1339119718434079,1.537603467597694,COM,0.02,0.0,0.0,0.0,0.0,0.0,0.02267823943686816,0.0,0.03075206935195388,0.0,0.0,0.0,0.0,0.0,,,,,,,,0.0,0.0,0.0,0.0,
CPV,CV,522.331,538.614,566.134,1.0311737193465447,1.083860617118264,CPV,0.17,0.0,0.0,0.0,0.02,0.03,0.1752995322889126,0.0,0.18425630491010492,0.0,0.0,0.0,0.021677212342365283,0.03251581851354792,,,,,,,,0.0,0.020623474386930893,0.03093521158039634,0.0,
CRI,CR,5105.525,5251.497,5354.15,1.028590987214831,1.0486972446516274,CRI,0.38,2.37,0.0,0.34,0.07,0.41,0.3908645751416358,0.0,0.3985049529676184,2.485412469824357,0.0,0.35655706318155334,0.07340880712561393,0.4299658703071672,CRI,Costa Rica,Latin America and Caribbean,2030.0,Capacity (GW),4.032999999999999,,2.33,0.73,0.571,0.402,2.0
CUB,CU,11019.931,10700.822,9381.999,0.9710425591593994,0.8513664014774683,CUB,5.8,0.07,0.0,0.97,0.28,0.07,5.632046843124517,0.0,4.937925128569316,0.05959564810342279,0.0,0.8258254094331443,0.23838259241369117,0.05959564810342279,,,,,,,,0.06797297914115796,0.27189191656463185,0.06797297914115796,0.9419112823846174,
CYM,KY,73.038,82.415,103.959,1.128385224129905,1.4233549659081575,CYM,0.18,0.0,0.0,0.0,0.01,0.0,0.2031093403433829,0.0,0.2562038938634683,0.0,0.0,0.0,0.014233549659081576,0.0,,,,,,,,0.0,0.01128385224129905,0.0,0.0,
CYP,CY,1344.976,1422.318,1508.482,1.0575043718252222,1.121567968499066,CYP,1.79,0.0,0.0,0.01,0.61,0.16,1.8929328255671478,0.0,2.0076066636133283,0.0,0.0,0.01121567968499066,0.6841564607844303,0.17945087495985057,CYP,Cyprus,Europe,2030.0,Capacity (GW),1.086,31.1,0.0,0.889,0.17,0.027,2.0
CZE,CZ,10809.716,10425.089,9825.543,0.964418399151282,0.9089547773503022,CZE,9.19,1.12,4.29,0.87,2.5,0.34,8.863005088200282,4.137354932359,8.353294403849276,1.0180293506323386,3.8994159948327964,0.7907906562947629,2.2723869433757553,0.30904462429910273,CZE,Czechia,Europe,2030.0,Capacity (GW),14.31,,1.11,10.1,1.5,1.6,2.0
DEU,DE,84548.231,82780.953,78294.613,0.9790973982649027,0.9260349042666546,DEU,75.83,5.74,0.0,10.0,81.74,69.46,74.24495571042758,0.0,70.22122679054041,5.315440350490597,0.0,9.260349042666546,75.69409307475634,64.32238445036182,DEU,Germany,Europe,2030.0,Capacity (GW),360.0,75.0,5.620019066040542,215.0,145.0,0.0,2.0
DJI,DJ,1152.944,1262.678,1530.54,1.0951772158925326,1.3275059326385323,DJI,0.12,0.0,0.0,0.0,0.0,0.08,0.1314212659071039,0.0,0.15930071191662387,0.0,0.0,0.0,0.0,0.10620047461108259,,,,,,,,0.0,0.0,0.08761417727140261,0.0,
DMA,DM,66.51,64.169,63.192,0.9648022853706208,0.9501127649977447,DMA,0.02,0.01,0.0,0.0,0.0,0.0,0.019296045707412418,0.0,0.019002255299954893,0.009501127649977447,0.0,0.0,0.0,0.0,,,,,,,,0.009648022853706209,0.0,0.0,0.0,
DNK,DK,5948.136,6081.995,6124.838,1.0225043610300772,1.0297071216932496,DNK,3.63,0.01,0.0,2.0,3.53,7.48,3.7116908305391805,0.0,3.737836851746496,0.010297071216932496,0.0,2.0594142433864993,3.634866139577171,7.702209270265508,DNK,Denmark,Europe,2030.0,Capacity (GW),33.08,99.19999999999999,0.01,17.79,13.41,1.87,2.0
DOM,DO,11331.265,11938.852,12996.293,1.0536204033706742,1.1469410520361143,DOM,4.6,0.62,0.0,0.09,1.07,0.42,4.846653855505101,0.0,5.2759288393661254,0.7111034522623909,0.0,0.10322469468325028,1.2272269256786423,0.481715241855168,,,,,,,,0.653244650089818,1.1273738316066215,0.44252056941568313,0.09482583630336068,
DZA,DZ,46164.219,50154.166,59565.554,1.0864294270850765,1.290297015530578,DZA,24.81,0.13,0.0,0.0,0.45,0.01,26.954314085980748,0.0,32.01226895531364,0.16773861201897514,0.0,0.0,0.5806336569887601,0.01290297015530578,DZA,Algeria,Africa,2030.0,Capacity (GW),22.0,27.0,0.14123582552105995,15.575,5.01,1.4149999999999998,2.0
ECU,EC,17980.083,19069.719,21337.237,1.0606023898777333,1.186715155875532,ECU,3.45,5.19,0.0,0.15,0.03,0.07,3.65907824507818,0.0,4.094167287770586,6.159051658994011,0.0,0.1780072733813298,0.03560145467626596,0.08307006091128724,ECU,Ecuador,Latin America and Caribbean,2030.0,Capacity (GW),4.286910000000001,84.95660000000001,2.43691,0.2,0.16,1.49,2.0
EGY,EG,114535.772,127139.322,161630.192,1.1100402937869926,1.4111765187211556,EGY,52.66,2.83,0.0,0.13,1.86,1.89,58.45472187082303,0.0,74.31255547585604,3.9936295479808703,0.0,0.18345294743375024,2.6247883248213495,2.667123620382984,EGY,Egypt,Africa,2030.0,Capacity (GW),14.0,42.0,3.1414140314171894,7.0,7.0,0.0,2.0
ERI,ER,3470.39,4002.672,5696.062,1.1533781505824994,1.6413319540455107,ERI,0.21,0.0,0.0,0.0,0.02,0.0,0.24220941162232487,0.0,0.34467971034955724,0.0,0.0,0.0,0.032826639080910214,0.0,,,,,,,,0.0,0.02306756301164999,0.0,0.0,
ESP,ES,47911.579,47610.52,44928.558,0.9937163623849675,0.9377390379891257,ESP,33.43,16.81,7.12,1.29,31.02,31.03,33.21993799452947,7.075260500180969,31.348616039976474,15.763393228597202,6.676701950482575,1.2096833590059721,29.08866495842268,29.098042348802572,ESP,Spain,Europe,2030.0,Capacity (GW),178.57,81.05,14.51,95.35,62.05,6.66,2.0
EST,EE,1367.196,1302.772,1174.267,0.952878738673899,0.85888709446195,EST,1.73,0.01,0.0,0.3,0.69,0.41,1.6484802179058453,0.0,1.4858746734191735,0.0085888709446195,0.0,0.257666128338585,0.5926320951787455,0.3521437087293995,EST,Estonia,Europe,2030.0,Capacity (GW),3.885,100.0,0.008,1.2,2.31,0.367,2.0
ETH,ET,128691.692,152855.357,225021.875,1.1877639855725883,1.748534590717791,ETH,0.1,4.88,0.0,0.32,0.02,0.32,0.11877639855725884,0.0,0.1748534590717791,8.53284880270282,0.0,0.5595310690296931,0.03497069181435582,0.5595310690296931,ETH,Ethiopia,Africa,2030.0,Capacity (GW),24.092,,16.8644,2.4092,2.4092,2.4092,2.0
FIN,FI,5601.185,5592.051,5351.645,0.9983692736447733,0.9554487130848205,FIN,4.7700000000000005,3.18,4.39,3.06,0.9,6.96,4.76222143528557,4.3828411113005545,4.557490361414594,3.0383269076097292,4.194419850442362,2.923673062039551,0.8599038417763385,6.64992304307035,FIN,Finland,Europe,2030.0,Capacity (GW),19.0,63.3,3.2,5.8,10.0,0.0,2.0
FJI,FJ,924.145,953.106,1000.261,1.0313381558088828,1.082363698337382,FJI,0.17,0.14,0.0,0.07,0.01,0.01,0.1753274864875101,0.0,0.18400182871735496,0.15153091776723351,0.0,0.07576545888361676,0.010823636983373821,0.010823636983373821,,,,,,,,0.1443873418132436,0.010313381558088829,0.010313381558088829,0.0721936709066218,
FLK,FK,3.477,3.422,3.176,0.9841817658901353,0.913431118780558,FLK,0.01,0.0,0.0,0.0,0.0,0.0,0.009841817658901353,0.0,0.009134311187805581,0.0,0.0,0.0,0.0,0.0,,,,,,,,0.0,0.0,0.0,0.0,
FRA,FR,66438.822,67107.691,68219.675,1.0100674421951672,1.0268044036060724,FRA,22.95,24.14,61.4,2.41,20.55,22.2,23.181047798379087,62.01814095078326,23.565161062759362,24.78705830305059,63.04579038141284,2.4745986126906345,21.100830494104788,22.795057760054807,FRA,France,Europe,2030.0,Capacity (GW),90.6,35.0,24.383028054591335,54.0,36.6,0.0,2.0
FRO,FO,54.714,58.206,63.035,1.0638227875863582,1.152081734108272,FRO,0.11,0.04,0.0,0.0,0.0,0.02,0.1170205066344994,0.0,0.12672899075190994,0.04608326936433088,0.0,0.0,0.0,0.02304163468216544,,,,,,,,0.042552911503454326,0.0,0.021276455751727163,0.0,
GAB,GA,2484.789,2866.667,4084.533,1.1536862888559147,1.6438148269329909,GAB,0.59,0.33,0.0,0.0,0.0,0.0,0.6806749104249896,0.0,0.9698507478904645,0.542458892887887,0.0,0.0,0.0,0.0,,,,,,,,0.3807164753224519,0.0,0.0,0.0,
GBR,GB,68682.962,71286.992,75504.681,1.0379137696478495,1.0993218521938526,GBR,41.56,2.19,5.88,7.38,15.66,30.22,43.13569626656463,6.102932965529355,45.687816177176515,2.407514856304537,6.4640124908998535,8.112995269190632,17.215380205355732,33.221506373298226,GBR,United Kingdom,Europe,2030.0,Capacity (GW),126.0,85.0,2.2730311555287903,47.0,79.0,0.0,2.0
GEO,GE,3807.492,3790.542,3664.014,0.9955482506594892,0.962316926732873,GEO,2.04,3.45,0.0,0.0,0.06,0.02,2.030918431345358,0.0,1.963126530535061,3.3199933972284117,0.0,0.0,0.05773901560397238,0.01924633853465746,GEO,Georgia,Asia,2030.0,Capacity (GW),5.289,83.560280635,3.992,0.547,0.75,0.0,2.0
GHA,GH,33787.914,38222.089,50553.047,1.1312355358783026,1.4961872757223191,GHA,3.43,1.58,0.0,0.01,0.17,0.0,3.880137888062578,0.0,5.131922355727555,2.363975895641264,0.0,0.014961872757223191,0.2543518368727943,0.0,GHA,Ghana,Africa,2030.0,Capacity (GW),1.40243,,0.15003,0.7533,0.327,0.1721,2.0
GIB,GI,38.471,43.459,49.798,1.129656104598269,1.2944295703257,GIB,0.0,0.0,0.0,0.0,0.0,0.0,0.0,0.0,0.0,0.0,0.0,0.0,0.0,0.0,,,,,,,,0.0,0.0,0.0,0.0,
GIN,GN,14405.468,16807.147,23404.584,1.1667199566164737,1.624701398107996,GIN,0.43,0.81,0.0,0.0,0.02,0.0,0.5016895813450837,0.0,0.6986216011864383,1.3160081324674768,0.0,0.0,0.03249402796215992,0.0,,,,,,,,0.9450431648593437,0.023334399132329472,0.0,0.0,
GLP,GP,376.517,366.343,326.318,0.9729786437265782,0.8666753426804101,GLP,0.36,0.01,0.0,0.060000000000000005,0.09,0.05,0.35027231174156814,0.0,0.3120031233649476,0.008666753426804102,0.0,0.05200052056082461,0.0780007808412369,0.04333376713402051,,,,,,,,0.009729786437265782,0.08756807793539204,0.04864893218632891,0.05837871862359469,
GMB,GM,2697.845,3130.133,4301.895,1.16023455758207,1.5945671452585306,GMB,0.12,0.0,0.0,0.0,0.0,0.0,0.1392281469098484,0.0,0.19134805743102368,0.0,0.0,0.0,0.0,0.0,,,,,,,,0.0,0.0,0.0,0.0,
GNB,GW,2153.339,2488.934,3438.608,1.155848661079375,1.596872577889501,GNB,0.03,0.0,0.0,0.0,0.0,0.0,0.034675459832381246,0.0,0.04790617733668503,0.0,0.0,0.0,0.0,0.0,,,,,,,,0.0,0.0,0.0,0.0,
GNQ,GQ,1847.549,2170.445,3143.728,1.1747699249113286,1.701566778472452,GNQ,0.28,0.13,0.0,0.0,0.0,0.0,0.32893557897517206,0.0,0.4764386979722866,0.22120368120141876,0.0,0.0,0.0,0.0,,,,,,,,0.15272009023847272,0.0,0.0,0.0,
GRC,GR,10242.908,9721.984,8812.069,0.9491429582302214,0.8603092988827001,GRC,10.51,3.43,0.0,0.13,7.03,5.22,9.975492490999628,0.0,9.041850731257178,2.950860895167662,0.0,0.11184020885475102,6.047974371145382,4.490814540167695,GRC,Greece,Europe,2030.0,Capacity (GW),28.0,81.54,4.0,13.0,10.0,1.0,2.0
GRD,GD,117.081,117.466,113.243,1.003288321760149,0.9672192755442812,GRD,0.06,0.0,0.0,0.0,0.0,0.0,0.06019729930560894,0.0,0.05803315653265687,0.0,0.0,0.0,0.0,0.0,,,,,,,,0.0,0.0,0.0,0.0,
GRL,GL,55.922,55.05,49.898,0.9844068524015593,0.8922785308107722,GRL,0.1,0.09,0.0,0.0,0.0,0.0,0.09844068524015594,0.0,0.08922785308107722,0.0803050677729695,0.0,0.0,0.0,0.0,,,,,,,,0.08859661671614033,0.0,0.0,0.0,
GTM,GT,18124.838,20067.253,24670.857,1.10716868200422,1.361162897014583,GTM,1.07,1.57,0.0,0.92,0.11,0.11,1.1846704897445153,0.0,1.456444299805604,2.1370257483128956,0.0,1.2522698652534165,0.14972791867160415,0.14972791867160415,,,,,,,,1.7382548307466252,0.12178855502046419,0.12178855502046419,1.0185951874438823,
GUF,GF,303.402,341.732,471.916,1.1263340386681697,1.5554149280492549,GUF,0.15,0.12,0.0,0.01,0.06,0.0,0.16895010580022546,0.0,0.23331223920738822,0.1866497913659106,0.0,0.015554149280492549,0.0933248956829553,0.0,,,,,,,,0.13516008464018037,0.06758004232009018,0.0,0.011263340386681697,
GUM,GU,166.506,174.635,191.458,1.0488210635052189,1.1498564616290103,GUM,0.42,0.0,0.0,0.0,0.1,0.0,0.4405048466721919,0.0,0.48293971388418433,0.0,0.0,0.0,0.11498564616290104,0.0,,,,,,,,0.0,0.10488210635052189,0.0,0.0,
GUY,GY,826.353,861.038,940.607,1.0419735875588279,1.1382629457386855,GUY,0.36,0.0,0.0,0.04,0.01,0.0,0.37511049152117804,0.0,0.40977466046592675,0.0,0.0,0.045530517829547416,0.011382629457386854,0.0,,,,,,,,0.0,0.010419735875588278,0.0,0.041678943502353114,
HKG,HK,7442.734,7252.647,6090.619,0.9744600572854007,0.8183308714243985,HKG,11.23,0.0,0.0,0.06,0.19,0.0,10.943186443315051,0.0,9.189855686095996,0.0,0.0,0.04909985228546391,0.15548286557063573,0.0,,,,,,,,0.0,0.18514741088422615,0.0,0.058467603437124045,
HND,HN,10644.851,11885.319,14846.779,1.1165322088585363,1.3947380757137888,HND,1.03,0.91,0.0,0.26,0.53,0.24,1.1500281751242925,0.0,1.4365802179852025,1.269211648899548,0.0,0.3626318996855851,0.7392111801283081,0.3347371381713093,,,,,,,,1.0160443100612682,0.5917620706950243,0.2679677301260487,0.2902983743032195,
HRV,HR,3896.023,3725.77,3234.16,0.9563008226594144,0.8301183026896914,HRV,2.01,2.21,0.0,0.17,0.46,1.14,1.9221646535454227,0.0,1.6685377884062795,1.8345614489442181,0.0,0.14112011145724757,0.3818544192372581,0.9463348650662482,HRV,Croatia,Europe,2030.0,Capacity (GW),6.186999999999999,78.03,2.393,0.96,2.562,0.272,2.0
HTI,HT,11637.398,12552.359,14710.862,1.0786224721368127,1.2641023362782642,HTI,0.4,0.08,0.0,0.0,0.0,0.0,0.4314489888547251,0.0,0.5056409345113057,0.10112818690226114,0.0,0.0,0.0,0.0,,,,,,,,0.08628979777094502,0.0,0.0,0.0,
HUN,HU,9686.463,9449.115,8725.347,0.9754969383561368,0.9007774045077135,HUN,6.819999999999999,0.06,2.03,0.54,5.84,0.32,6.652889119588853,1.9802587848629576,6.143301898742606,0.05404664427046281,1.8285781311506581,0.48641979843416533,5.260540042325046,0.2882487694424683,HUN,Hungary,Europe,2030.0,Capacity (GW),13.6,41.89,0.1,12.0,1.1,0.4,2.0
IDN,ID,281190.067,295876.648,320712.949,1.052230084642357,1.1405557544107703,IDN,79.64,6.78,0.0,5.6,0.57,0.15,83.79960394091731,0.0,90.83386028127374,7.732968014905023,0.0,6.387112224700314,0.650116780014139,0.17108336316161554,IDN,Indonesia,Asia,2030.0,Capacity (GW),62.4,43.65,14.6,29.3,8.6,9.9,2.0
IND,IN,1438069.596,1525138.844,1679589.259,1.06054592089436,1.1679471311206278,IND,288.65999999999997,47.33,7.48,10.46,73.11,44.74,306.1371855253659,7.9328834882898125,337.13961886928035,55.27893771593931,8.736244540782296,12.216726991521767,85.38861475622909,52.25395464633689,IND,India,Asia,2030.0,Capacity (GW),508.95,42.3,65.5,318.51,109.98,14.96,2.0
IRL,IE,5196.63,5525.093,5970.042,1.0632069244876006,1.148829529906882,IRL,6.02,0.24,0.0,0.11000000000000001,0.74,4.81,6.400505685415355,0.0,6.91595377003943,0.2757190871776517,0.0,0.12637124828975704,0.8501338521310927,5.525870038852102,IRL,Ireland,Europe,2030.0,Capacity (GW),22.0,80.78,0.2551696618770241,8.0,14.0,0.0,2.0
IRN,IR,90608.707,95486.667,101861.993,1.0538354443133153,1.124196518994582,IRN,73.41,11.68,1.02,0.01,0.6,0.36,77.36205996704048,1.0749121531995816,82.52726645939225,13.130615341856718,1.1466804493744736,0.011241965189945819,0.6745179113967491,0.4047107468380495,,,,,,,,12.308797989579523,0.6323012665879891,0.3793807599527935,0.010538354443133153,
IRQ,IQ,45074.049,51937.208,71928.75,1.1522640888108366,1.5957907398112825,IRQ,43.760000000000005,1.56,0.0,0.0,0.04,0.0,50.423076526362216,0.0,69.83180277414174,2.489433554105601,0.0,0.0,0.0638316295924513,0.0,,,,,,,,1.7975319785449053,0.04609056355243347,0.0,0.0,
ISL,IS,387.558,414.348,432.993,1.0691251373987893,1.1172340656108246,ISL,0.13,2.11,0.0,0.76,0.01,0.0,0.13898626786184262,0.0,0.14524042852940722,2.3573638784388398,0.0,0.8490978898642267,0.011172340656108247,0.0,ISL,Iceland,Europe,2030.0,Capacity (GW),2.716,,1.996780487804878,0.010691251373987893,0.0,0.7192195121951219,3.0
ISR,IL,9256.314,10175.954,13092.722,1.0993527229089246,1.4144638999930208,ISR,17.04,0.01,0.0,0.03,4.52,0.32,18.732970398368074,0.0,24.102464855881074,0.014144638999930209,0.0,0.04243391699979062,6.393376827968454,0.4526284479977667,ISR,Israel,Middle East,2030.0,Capacity (GW),17.7,30.0,0.010993527229089247,17.0,0.7,0.0,2.0
ITA,IT,59499.453,57946.072,51891.099,0.9738925162891834,0.8721273286327523,ITA,64.89,18.85,0.0,4.21,29.8,12.31,63.19588538200511,0.0,56.5923423549793,16.439600144727383,0.0,3.671656053543887,25.98939439325602,10.73588741546918,ITA,Italy,Europe,2030.0,Capacity (GW),130.96,68.65,19.41,79.17,28.14,4.24,2.0
JAM,JM,2839.786,2808.954,2454.94,0.9891428438621784,0.8644806333998407,JAM,1.35,0.03,0.0,0.03,0.11,0.1,1.335342839213941,0.0,1.167048855089785,0.02593441900199522,0.0,0.02593441900199522,0.09509286967398248,0.08644806333998407,,,,,,,,0.029674285315865353,0.10880571282483963,0.09891428438621785,0.029674285315865353,
JOR,JO,11439.213,12448.776,16367.354,1.0882545853460375,1.430811193042738,JOR,4.52,0.0,0.0,0.01,1.97,0.61,4.918910725764089,0.0,6.467266592553176,0.0,0.0,0.014308111930427381,2.818698050294194,0.8727948277560702,JOR,Jordan,Middle East,2030.0,Capacity (GW),3.2,,0.0,2.433976833976834,0.7536679536679537,0.012355212355212357,5.0
JPN,JP,124370.947,119584.121,105123.167,0.9615117025682854,0.8452389367108382,JPN,162.24999999999997,28.22,33.08,5.36,87.07,5.23,156.0052737417043,31.80680712095888,137.14001748133347,23.85264279397985,27.960504026394524,4.5304807007700925,73.59495421941267,4.420599638997684,JPN,Japan,Asia,2030.0,Capacity (GW),201.4,38.0,50.7,117.6,23.599999999999998,9.5,2.0
KAZ,KZ,20330.104,22003.193,26544.265,1.082296135819079,1.305663020710568,KAZ,17.66,2.9,0.0,0.01,1.31,1.44,19.113349758564937,0.0,23.05800894574863,3.786422760060647,0.0,0.01305663020710568,1.7104185571308441,1.8801547498232178,,,,,,,,3.138658793875329,1.4178079379229935,1.5585064355794738,0.01082296135819079,
KEN,KE,55339.003,63102.245,83593.239,1.1402851800564604,1.5105664082889243,KEN,0.57,0.86,0.0,1.08,0.36,0.44,0.6499625526321824,0.0,0.8610228527246868,1.299087111128475,0.0,1.6314117209520385,0.5438039069840127,0.6646492196471266,KEN,Kenya,Africa,2030.0,Capacity (GW),9.01,99.99,0.67,2.67,2.0,3.67,2.0
KGZ,KG,7073.516,7803.618,9642.952,1.103216278863298,1.3632473581737852,KGZ,0.81,3.21,0.0,0.0,0.0,0.0,0.8936051858792714,0.0,1.1042303601207661,4.376024019737851,0.0,0.0,0.0,0.0,,,,,,,,3.5413242551511863,0.0,0.0,0.0,
KHM,KH,17423.88,18827.388,21931.455,1.0805508302398776,1.2587009896762376,KHM,1.81,1.79,0.0,0.05,0.48,0.0,1.9557970027341787,0.0,2.27824879131399,2.253074771520465,0.0,0.06293504948381189,0.604176475044594,0.0,KHM,Cambodia,Asia,2030.0,Capacity (GW),2.661,,1.558,1.005,0.0,0.098,2.0
KIR,KI,132.53,146.126,182.621,1.102588093261903,1.3779597072360976,KIR,0.01,0.0,0.0,0.0,0.0,0.0,0.01102588093261903,0.0,0.013779597072360976,0.0,0.0,0.0,0.0,0.0,,,,,,,,0.0,0.0,0.0,0.0,
KNA,KN,46.758,47.134,44.249,1.008041404679413,0.9463407331365755,KNA,0.07,0.0,0.0,0.0,0.0,0.0,0.07056289832755892,0.0,0.06624385131956029,0.0,0.0,0.0,0.0,0.0,,,,,,,,0.0,0.0,0.0,0.0,
KOR,KR,51748.739,51188.584,45143.134,0.9891754850296932,0.8723523485277582,KOR,89.76,1.8,24.65,3.06,27.05,2.17,88.78839153626527,24.383175705981937,78.30234680385158,1.5702342273499648,21.50348539120924,2.66939818649494,23.59713102767586,1.8930045963052353,KOR,South Korea,Asia,2030.0,Capacity (GW),76.30799999999999,20.23,1.976,52.976,19.3,2.056,2.0
KWT,KW,4838.782,5324.198,6367.756,1.100317807249841,1.3159832371038829,KWT,20.18,0.0,0.0,0.0,0.1,0.01,22.20441335030179,0.0,26.556541724756357,0.0,0.0,0.0,0.1315983237103883,0.01315983237103883,,,,,,,,0.0,0.1100317807249841,0.01100317807249841,0.0,
LAO,LA,7664.993,8357.023,9757.285,1.0902844921058634,1.2729672421096796,LAO,1.88,9.76,0.0,0.11,0.06,0.0,2.049734845159023,0.0,2.3931784151661977,12.424160282990472,0.0,0.14002639663206476,0.07637803452658078,0.0,LAO,Lao,Asia,2030.0,Capacity (GW),19.783,,17.48,1.591,0.6,0.112,2.0
LBN,LB,5773.493,6103.808,6999.26,1.057212332291734,1.2123094286249243,LBN,2.15,0.28,0.0,0.01,1.0,0.0,2.273006514427228,0.0,2.606465271543587,0.3394466400149788,0.0,0.012123094286249244,1.2123094286249243,0.0,,,,,,,,0.29601945304168553,1.057212332291734,0.0,0.01057212332291734,
LBR,LR,5493.031,6366.291,8910.53,1.1589759824767056,1.6221517774066814,LBR,0.1,0.09,0.0,0.0,0.0,0.0,0.11589759824767057,0.0,0.16221517774066815,0.14599365996660132,0.0,0.0,0.0,0.0,,,,,,,,0.1043078384229035,0.0,0.0,0.0,
LBY,LY,7305.659,7885.806,9260.605,1.0794106322235955,1.2675933820617689,LBY,12.76,0.0,0.0,0.0,0.01,0.0,13.773279667173078,0.0,16.17449155510817,0.0,0.0,0.0,0.012675933820617689,0.0,,,,,,,,0.0,0.010794106322235954,0.0,0.0,
LCA,LC,179.285,181.359,172.081,1.0115681735783808,0.9598181666062414,LCA,0.09,0.0,0.0,0.0,0.0,0.0,0.09104113562205426,0.0,0.08638363499456173,0.0,0.0,0.0,0.0,0.0,,,,,,,,0.0,0.0,0.0,0.0,
LKA,LK,22971.617,23767.952,24813.69,1.0346660402704781,1.0801890872549373,LKA,1.85,1.84,0.0,0.04,0.97,0.27,1.9141321745003848,0.0,1.9983498114216343,1.9875479205490847,0.0,0.04320756349019749,1.0477834146372893,0.2916510535588331,LKA,Sri Lanka,Asia,2030.0,Capacity (GW),8.783,70.0,2.181,4.659,1.723,0.22,2.0
LSO,LS,2311.472,2493.818,2993.077,1.0788873929686364,1.2948791938643427,LSO,0.0,0.07,0.0,0.0,0.0,0.0,0.0,0.0,0.0,0.090641543570504,0.0,0.0,0.0,0.0,,,,,,,,0.07552211750780456,0.0,0.0,0.0,
LTU,LT,2854.099,2706.358,2258.774,0.9482355026927938,0.7914140329399926,LTU,1.7,0.12,0.0,0.22,1.16,1.29,1.6120003545777495,0.0,1.3454038559979873,0.0949696839527991,0.0,0.17411108724679836,0.9180402782103914,1.0209241024925904,LTU,Lithuania,Europe,2030.0,Capacity (GW),12.407,,0.877,5.1,6.43,0.0,2.0
LUX,LU,665.098,713.667,791.464,1.0730253285981917,1.1899960607309,LUX,0.09,0.03,0.0,0.09999999999999999,0.43,0.22,0.09657227957383725,0.0,0.10709964546578099,0.035699881821926994,0.0,0.11899960607308999,0.5116983061142869,0.26179913336079796,LUX,Luxembourg,Europe,2030.0,Capacity (GW),1.85,,0.04,1.24,0.45,0.12000000000000001,2.0
LVA,LV,1882.396,1777.62,1513.81,0.9443390232448432,0.8041931665813145,LVA,1.05,1.57,0.0,0.13,0.35,0.14,0.9915559744070854,0.0,0.8444028249103802,1.2625832715326637,0.0,0.10454511165557089,0.28146760830346,0.11258704332138403,LVA,Latvia,Europe,2030.0,Capacity (GW),4.71,95.5,1.66,1.6,1.31,0.14,2.0
MAC,MO,713.912,726.723,668.86,1.0179447887134547,0.9368941830365647,MAC,0.41000000000000003,0.0,0.0,0.0,0.0,0.0,0.41735736337251644,0.0,0.38412661504499157,0.0,0.0,0.0,0.0,0.0,,,,,,,,0.0,0.0,0.0,0.0,
MAR,MA,37712.505,39953.46,43440.431,1.0594220670305514,1.151883997098575,MAR,6.16,1.31,0.0,0.01,0.93,1.86,6.526039932908197,0.0,7.095605422127222,1.5089680361991333,0.0,0.011518839970985751,1.071252117301675,2.14250423460335,MAR,Morocco,Africa,2030.0,Capacity (GW),8.870000000000001,,1.58,3.55,3.74,0.0,2.0
MDA,MD,3067.07,2845.242,2351.809,0.9276742950111996,0.7667933891303427,MDA,2.7800000000000002,0.06,0.0,0.02,0.09,0.14,2.578934540131135,0.0,2.1316856217823528,0.04600760334782056,0.0,0.015335867782606854,0.06901140502173084,0.10735107447824799,MDA,Moldova,Europe,2030.0,Capacity (GW),0.9349999999999999,34.1,0.022,0.215,0.6,0.098,2.0
MDG,MG,31195.932,36693.183,53185.475,1.1762169182828068,1.7048849510250246,MDG,0.62,0.19,0.0,0.0,0.06,0.0,0.7292544893353402,0.0,1.0570286696355153,0.3239281406947547,0.0,0.0,0.10229309706150147,0.0,,,,,,,,0.22348121447373331,0.07057301509696841,0.0,0.0,
MDV,MV,525.994,539.667,589.962,1.0259945930942178,1.1216135545272379,MDV,0.5800000000000001,0.0,0.0,0.0,0.04,0.0,0.5950768639946464,0.0,0.650535861625798,0.0,0.0,0.0,0.04486454218108952,0.0,,,,,,,,0.0,0.041039783723768715,0.0,0.0,
MEX,MX,129739.759,136904.738,148946.274,1.0552257770110396,1.148038775068173,MEX,76.27000000000001,13.3,1.61,0.89,10.91,7.32,80.482070012632,1.6989135009877738,87.56091737444957,15.268915708406704,1.8483424278597589,1.0217545098106742,12.52510303599377,8.403643833499027,MEX,Mexico,Latin America and Caribbean,2030.0,Capacity (GW),52.2,34.68,15.7,22.8,12.7,1.0,2.0
MKD,MK,1831.802,1762.486,1512.688,0.9621596657280646,0.8257923072471808,MKD,1.24,0.7,0.0,0.01,0.53,0.11,1.1930779855028,0.0,1.0239824609865043,0.5780546150730265,0.0,0.008257923072471808,0.4376699228410058,0.09083715379718989,MKD,North Macedonia,Europe,2030.0,Capacity (GW),2.519,66.0,1.36026,0.83127,0.30228,0.02519,2.0
MLI,ML,23769.127,29002.865,46154.079,1.2201905858805837,1.9417658460910237,MLI,0.51,0.46,0.0,0.04,0.1,0.0,0.6222971987990977,0.0,0.9903005815064221,0.8932122892018709,0.0,0.07767063384364095,0.19417658460910237,0.0,,,,,,,,0.5612876695050685,0.12201905858805838,0.0,0.04880762343522335,
MLT,MT,532.956,555.231,535.721,1.0417951951005335,1.005188045542221,MLT,0.55,0.0,0.0,0.0,0.23,0.0,0.5729873573052935,0.0,0.5528534250482217,0.0,0.0,0.0,0.23119325047471087,0.0,MLT,Malta,Europe,2030.0,Capacity (GW),0.27,,0.0,0.27,0.0,0.0,2.0
MMR,MM,54133.798,56351.031,58623.232,1.0409583861084346,1.0829321822200615,MMR,3.23,3.27,0.0,0.06,0.18,0.0,3.3622955871302436,0.0,3.4978709485707986,3.541188235859601,0.0,0.06497593093320368,0.19492779279961106,0.0,MMR,Myanmar,Asia,2030.0,Capacity (GW),7.75,,7.45,0.3,0.0,0.0,2.0
MNE,ME,633.552,612.562,533.295,0.9668693335353689,0.8417541101598605,MNE,0.22,0.7,0.0,0.0,0.04,0.12,0.21271125337778116,0.0,0.1851859042351693,0.5892278771119023,0.0,0.0,0.03367016440639442,0.10101049321918325,MNE,Montenegro,Europe,2030.0,Capacity (GW),1.776,73.238882325,1.232,0.315,0.19,0.039,2.0
MNG,MN,3431.932,3705.231,4501.493,1.079634153590456,1.3116498228985891,MNG,0.96,0.03,0.0,0.0,0.09,0.16,1.0364487874468375,0.0,1.2591838299826454,0.03934949468695767,0.0,0.0,0.11804848406087301,0.20986397166377427,,,,,,,,0.03238902460771367,0.09716707382314102,0.17274146457447295,0.0,
MOZ,MZ,33635.16,40846.755,63530.952,1.214406442544052,1.8888256217600865,MOZ,0.66,2.19,0.0,0.07,0.08,0.0,0.8015082520790743,0.0,1.2466249103616571,4.13652811165459,0.0,0.13221779352320606,0.15110604974080694,0.0,,,,,,,,2.6595501091714735,0.09715251540352415,0.0,0.08500845097808364,
MRT,MR,5022.441,6062.528,9415.598,1.2070879478723593,1.874705546565903,MRT,0.42,0.0,0.0,0.0,0.09,0.03,0.5069769381063909,0.0,0.7873763295576792,0.0,0.0,0.0,0.16872349919093127,0.05624116639697709,,,,,,,,0.0,0.10863791530851233,0.03621263843617078,0.0,
MSR,MS,4.42,4.202,3.692,0.9506787330316742,0.8352941176470589,MSR,0.01,0.0,0.0,0.0,0.0,0.0,0.009506787330316742,0.0,0.008352941176470589,0.0,0.0,0.0,0.0,0.0,,,,,,,,0.0,0.0,0.0,0.0,
MTQ,MQ,346.002,327.638,282.07,0.9469251622822988,0.8152265015809157,MTQ,0.32,0.0,0.0,0.04,0.08,0.01,0.30301605193033565,0.0,0.260872480505893,0.0,0.0,0.032609060063236626,0.06521812012647325,0.008152265015809157,,,,,,,,0.0,0.07575401298258391,0.009469251622822989,0.037877006491291956,
MUS,MU,1273.588,1250.432,1107.197,0.9818182960266586,0.8693525692767206,MUS,0.65,0.06,0.0,0.09,0.11,0.01,0.6381818924173281,0.0,0.5650791700298684,0.05216115415660323,0.0,0.07824173123490484,0.09562878262043926,0.008693525692767205,,,,,,,,0.05890909776159951,0.10800001256293244,0.009818182960266587,0.08836364664239928,
MWI,MW,21104.482,25160.287,37361.683,1.1921774246816388,1.770319830640714,MWI,0.13,0.39,0.0,0.02,0.18,0.0,0.15498306520861305,0.0,0.23014157798329282,0.6904247339498785,0.0,0.03540639661281428,0.3186575695153285,0.0,,,,,,,,0.46494919562583914,0.21459193644269497,0.0,0.023843548493632776,
MYS,MY,35126.298,37961.719,44289.772,1.0807207466041537,1.2608721818621478,MYS,32.35,6.21,0.0,0.9,1.93,0.0,34.96131615264437,0.0,40.789215083240485,7.830016249363938,0.0,1.134784963675933,2.433483310993945,0.0,,,,,,,,6.711275836411795,2.0857910409460168,0.0,0.9726486719437384,
NCL,NC,289.87,307.577,340.58,1.0610860040707903,1.1749404905647358,NCL,1.01,0.08,0.0,0.0,0.18,0.06,1.0716968641114983,0.0,1.1866898954703833,0.09399523924517887,0.0,0.0,0.21148928830165245,0.07049642943388415,,,,,,,,0.08488688032566323,0.19099548073274225,0.06366516024424741,0.0,
NER,NE,26159.867,32518.075,52513.876,1.243052000226148,2.0074213680061908,NER,0.41000000000000003,0.0,0.0,0.0,0.09,0.0,0.5096513200927207,0.0,0.8230427608825382,0.0,0.0,0.0,0.18066792312055716,0.0,,,,,,,,0.0,0.11187468002035332,0.0,0.0,
NGA,NG,227882.945,262380.97,359185.556,1.1513848480411728,1.5761844573318111,NGA,11.569999999999999,2.85,0.0,0.02,0.11,0.0,13.321522691836368,0.0,18.23645417132905,4.492125703395661,0.0,0.031523689146636225,0.17338029030649924,0.0,NGA,Nigeria,Africa,2030.0,Capacity (GW),19.174,31.0,5.9,6.0,0.8,6.474,2.0
NIC,NI,6823.613,7441.603,8756.43,1.0905663905617156,1.283254193929228,NIC,0.45,0.16,0.0,0.39,0.02,0.19,0.490754875752772,0.0,0.5774643872681525,0.20532067102867646,0.0,0.5004691356323989,0.025665083878584558,0.24381829684655332,,,,,,,,0.1744906224898745,0.02181132781123431,0.20720761420672595,0.4253208923190691,
NIU,NU,1.817,1.835,1.966,1.0099064391854706,1.082003302146395,NIU,0.0,0.0,0.0,0.0,0.0,0.0,0.0,0.0,0.0,0.0,0.0,0.0,0.0,0.0,,,,,,,,0.0,0.0,0.0,0.0,
NLD,NL,18092.524,18757.217,18958.475,1.0367385446054955,1.0478623656931447,NLD,19.65,0.04,0.51,0.9400000000000001,23.9,10.75,20.371912401497987,0.5287366577488027,20.590495485870292,0.04191449462772579,0.5344098065035038,0.9849906237515561,25.043910540066157,11.264520431201305,NLD,Netherlands,Europe,2030.0,Capacity (GW),49.58,76.0,0.04,25.75,23.2,0.59,2.0
NOR,NO,5519.167,5729.095,5899.829,1.0380361746618647,1.0689709153573355,NOR,0.73,34.4,0.0,0.08,0.62,5.06,0.7577664075031613,0.0,0.7803487682108549,36.772599488292336,0.0,0.08551767322858683,0.662761967521548,5.408992831708117,NOR,Norway,Europe,2030.0,Capacity (GW),49.44,98.69,34.69,5.39,9.17,0.19,2.0
NPL,NP,29694.614,30509.996,34642.027,1.027458918981065,1.1666097764395926,NPL,0.05,2.2,0.0,0.01,0.11,0.0,0.051372945949053256,0.0,0.05833048882197964,2.566541508167104,0.0,0.011666097764395927,0.1283270754083552,0.0,,,,,,,,2.260409621758343,0.11302048108791715,0.0,0.01027458918981065,
NRU,NR,11.875,12.521,15.758,1.0544,1.3269894736842105,NRU,0.02,0.0,0.0,0.0,0.0,0.0,0.021088,0.0,0.02653978947368421,0.0,0.0,0.0,0.0,0.0,,,,,,,,0.0,0.0,0.0,0.0,
NZL,NZ,5172.836,5407.349,5755.288,1.0453354794159335,1.112598195651283,NZL,2.42,5.68,0.0,1.19,0.37,1.06,2.529711860186559,0.0,2.6924876334761048,6.319557751299286,0.0,1.3239918528250265,0.4116613323909747,1.17935408739036,NZL,New Zealand,Oceania,2030.0,Capacity (GW),10.2,93.0,5.3,1.1,2.1,1.7,2.0
OMN,OM,5049.269,6112.706,7827.002,1.2106120707769779,1.5501257706808649,OMN,13.73,0.0,0.0,0.0,0.67,0.05,16.621703731767905,0.0,21.283226831448275,0.0,0.0,0.0,1.0385842663561795,0.07750628853404325,,,,,,,,0.0,0.8111100874205752,0.0605306035388489,0.0,
PAK,PK,247504.495,276883.255,371863.793,1.1186999048239508,1.5024526847482105,PAK,27.81,10.64,3.62,0.43,1.24,1.85,31.11104435315407,4.049693655462702,41.78320916284773,15.98609656572096,5.438878718788522,0.6460546544417305,1.863041329087781,2.7795374667841894,PAK,Pakistan,Asia,2030.0,Capacity (GW),39.919186684,58.2055,20.90924331,12.99107538,5.624867994,0.394,2.0
PAN,PA,4458.759,4833.859,5630.68,1.084126547319557,1.2628356903793185,PAN,1.34,1.84,0.0,0.07,0.57,0.34,1.4527295734082064,0.0,1.692199825108287,2.323617670297946,0.0,0.0883984983265523,0.7198163435162115,0.42936413472896834,,,,,,,,1.9947928470679848,0.6179521319721474,0.36860302608864937,0.075888858312369,
PER,PE,33845.617,36193.88,40583.876,1.0693815982140316,1.1990880828084771,PER,8.75,5.5,0.0,0.2,0.33,0.71,9.357088984372776,0.0,10.492020724574175,6.594984455446625,0.0,0.23981761656169542,0.3956990673267975,0.8513525387940187,,,,,,,,5.881598790177174,0.3528959274106304,0.7592609347319623,0.21387631964280632,
PHL,PH,114891.199,121408.895,134373.439,1.0567292887247177,1.1695712131962346,PHL,19.869999999999997,3.09,0.0,2.56,1.67,0.44,20.99721096696014,0.0,23.239380006209178,3.6139750487763647,0.0,2.9941023057823606,1.9531839260377117,0.5146113338063433,PHL,The Philippines,Asia,2030.0,Capacity (GW),28.989,35.0,4.945,20.004,1.08,2.96,2.0
PNG,PG,10389.635,11671.424,14906.59,1.1233718990128143,1.434755888921988,PNG,0.71,0.33,0.0,0.07,0.0,0.0,0.7975940482990981,0.0,1.0186766811346115,0.47346944334425606,0.0,0.10043291222453916,0.0,0.0,,,,,,,,0.3707127266742287,0.0,0.0,0.078636032930897,
POL,PL,38762.844,37198.543,32814.096,0.9596443181516816,0.846534789862168,POL,32.0,0.98,0.0,1.24,15.81,9.31,30.70861818085381,0.0,27.089113275589376,0.8296040940649246,0.0,1.0497031394290883,13.383715027720877,7.881238893616785,POL,Poland,Europe,2030.0,Capacity (GW),63.7,58.1,1.1,36.2,24.9,1.5,2.0
PRI,PR,3242.023,3140.742,2503.994,0.9687599378536179,0.7723554089529902,PRI,5.14,0.1,0.0,0.0,0.96,0.1,4.979426080567595,0.0,3.969906802018369,0.07723554089529902,0.0,0.0,0.7414611925948705,0.07723554089529902,,,,,,,,0.0968759937853618,0.9300095403394731,0.0968759937853618,0.0,
PRK,KP,26418.204,26784.904,25787.127,1.0138805802241513,0.9761120400160435,PRK,3.38,4.89,0.0,0.0,0.12,0.0,3.426916361157631,0.0,3.2992586952542267,4.7731878756784525,0.0,0.0,0.11713344480192521,0.0,,,,,,,,4.957876037296099,0.12166566962689815,0.0,0.0,
PRT,PT,10430.738,10317.927,9770.271,0.9891847537537612,0.936680702746057,PRT,4.68,8.19,0.0,0.73,3.88,5.62,4.629384647567602,0.0,4.383665688851546,7.6714149554902065,0.0,0.6837769130046216,3.634321126654701,5.264145549432841,PRT,Portugal,Europe,2030.0,Capacity (GW),39.3,91.68,4.2,20.4,12.4,2.3,2.0
PRY,PY,6844.146,7407.618,8640.464,1.0823290444125535,1.2624605027420515,PRY,0.03,8.81,0.0,0.04,0.0,0.0,0.0324698713323766,0.0,0.03787381508226154,11.122277029157473,0.0,0.05049842010968206,0.0,0.0,,,,,,,,9.535318881274597,0.0,0.0,0.043293161776502144,
PSE,PS,5409.202,6122.314,8451.891,1.1318331243684374,1.5625023802032165,PSE,0.0,0.0,0.0,0.0,0.19,0.0,0.0,0.0,0.0,0.0,0.0,0.0,0.29687545223861117,0.0,,,,,,,,0.0,0.2150482936300031,0.0,0.0,
PYF,PF,281.118,285.546,284.75,1.0157513926536188,1.0129198414900504,PYF,0.22,0.05,0.0,0.0,0.05,0.0,0.22346530638379614,0.0,0.2228423651278111,0.05064599207450252,0.0,0.0,0.05064599207450252,0.0,,,,,,,,0.05078756963268094,0.05078756963268094,0.0,0.0,
QAT,QA,2979.082,3333.61,4164.461,1.1190057876889592,1.3979007627181799,QAT,12.58,0.0,0.0,0.01,0.81,0.0,14.077092809127107,0.0,17.585591594994703,0.0,0.0,0.0139790076271818,1.1322996178017257,0.0,,,,,,,,0.0,0.906394688028057,0.0,0.011190057876889592,
REU,RE,874.883,900.869,941.413,1.0297022573304087,1.0760444539441274,REU,0.44999999999999996,0.13,0.0,0.09,0.23,0.02,0.46336601579868386,0.0,0.4842200042748573,0.13988577901273658,0.0,0.09684400085497147,0.24749022440714932,0.021520889078882548,,,,,,,,0.13386129345295314,0.236831519185994,0.020594045146608172,0.09267320315973678,
ROU,RO,19118.479,18359.507,16027.266,0.9603016537037283,0.8383128176671376,ROU,7.46,6.57,1.3,0.18,1.92,3.09,7.163850336629813,1.248392149814847,6.253813619796847,5.507715212073094,1.089806662967279,0.15089630718008476,1.609560609920904,2.590386606591455,ROU,Romania,Europe,2030.0,Capacity (GW),22.7,56.61,6.9,8.2,7.3,0.3,2.0
RUS,RU,145440.5,141889.41,136132.775,0.9755838985702057,0.9360032109350559,RUS,150.21,50.57,29.54,1.37,2.17,2.52,146.5424574042306,28.818748363763873,140.59704231455476,47.33368237698578,27.64953485102155,1.2823243989810267,2.031126967729071,2.358728091556341,RUS,Russia,Europe,2030.0,Capacity (GW),62.0,,54.0,2.0,3.0,3.0,2.0
RWA,RW,13954.471,16154.705,22707.91,1.1576723331181813,1.6272856205011283,RWA,0.15000000000000002,0.12,0.0,0.0,0.03,0.0,0.17365084996772723,0.0,0.2440928430751693,0.1952742744601354,0.0,0.0,0.04881856861503385,0.0,RWA,Rwanda,Africa,2030.0,Capacity (GW),0.38,60.0,0.27,0.01,0.0,0.1,2.0
SAU,SA,33264.292,37443.751,47693.91,1.1256440088969877,1.4337870170211349,SAU,97.15,0.0,0.0,0.0,2.29,0.4,109.35631546434236,0.0,139.29240870360326,0.0,0.0,0.0,3.283372268978399,0.573514806808454,SAU,Saudi Arabia,Middle East,2030.0,Capacity (GW),58.7,50.0,0.0,42.7,16.0,0.0,2.0
SDN,SD,50042.791,58571.616,85206.383,1.1704306420479227,1.7026704805493365,SDN,2.0,1.48,0.0,0.2,0.19,0.0,2.3408612840958454,0.0,3.405340961098673,2.519952311213018,0.0,0.3405340961098673,0.32350739130437395,0.0,,,,,,,,1.7322373502309256,0.2223818219891053,0.0,0.23408612840958454,
SEN,SN,18077.573,21163.192,30364.954,1.1706876802544235,1.6797030220815594,SEN,1.12,0.0,0.0,0.03,0.26,0.16,1.3111702018849545,0.0,1.8812673847313468,0.0,0.0,0.05039109066244678,0.4367227857412055,0.26875248353304954,,,,,,,,0.0,0.3043787968661501,0.18731002884070777,0.035120630407632705,
SGP,SG,5789.09,6031.377,6081.691,1.0418523463964113,1.0505435223843471,SGP,11.08,0.0,0.0,0.05,0.77,0.0,11.543723998072238,0.0,11.640022228018566,0.0,0.0,0.05252717611921736,0.8089185122359474,0.0,SGP,Singapore,Asia,2030.0,Capacity (GW),2.0,,0.0,2.0,0.0,0.0,2.0
SHN,SH,5.289,4.928,3.968,0.9317451314048024,0.7502363395726981,SHN,0.0,0.0,0.0,0.0,0.0,0.0,0.0,0.0,0.0,0.0,0.0,0.0,0.0,0.0,,,,,,,,0.0,0.0,0.0,0.0,
SLB,SB,800.005,938.348,1309.11,1.1729276692020674,1.6363772726420458,SLB,0.05,0.0,0.0,0.0,0.0,0.0,0.05864638346010337,0.0,0.08181886363210229,0.0,0.0,0.0,0.0,0.0,,,,,,,,0.0,0.0,0.0,0.0,
SLE,SL,8460.512,9694.858,12948.325,1.1458949529295626,1.53044224746682,SLE,0.14,0.06,0.0,0.03,0.01,0.0,0.16042529341013878,0.0,0.21426191464535482,0.09182653484800919,0.0,0.045913267424004596,0.0153044224746682,0.0,,,,,,,,0.06875369717577375,0.011458949529295626,0.0,0.03437684858788687,
SLV,SV,6309.624,6486.207,6663.346,1.0279862952213952,1.0560607097982384,SLV,0.93,0.57,0.0,0.53,0.59,0.05,0.9560272545558975,0.0,0.9821364601123618,0.6019546045849958,0.0,0.5597121761930663,0.6230758187809606,0.05280303548991192,,,,,,,,0.5859521882761952,0.6065119141806231,0.051399314761069764,0.5448327364673394,
SOM,SO,18358.615,22915.044,37206.512,1.248190236572857,2.0266513568697855,SOM,0.06,0.0,0.0,0.0,0.05,0.0,0.07489141419437141,0.0,0.12159908141218713,0.0,0.0,0.0,0.10133256784348928,0.0,,,,,,,,0.0,0.06240951182864285,0.0,0.0,
SPM,PM,5.681,5.289,4.258,0.9309980637211758,0.7495159302939624,SPM,0.03,0.0,0.0,0.0,0.0,0.0,0.02792994191163527,0.0,0.02248547790881887,0.0,0.0,0.0,0.0,0.0,,,,,,,,0.0,0.0,0.0,0.0,
SRB,RS,6773.201,6461.212,5532.87,0.9539377319527356,0.8168766879943471,SRB,5.02,2.49,0.0,0.04,0.14,0.51,4.788767414402733,0.0,4.100720973731622,2.0340229531059246,0.0,0.032675067519773886,0.11436273631920861,0.41660711087711705,SRB,Serbia,Europe,2030.0,Capacity (GW),4.464,29.0,3.162,0.372,0.744,0.186,2.0
SSD,SS,11483.374,13457.453,18341.974,1.1719075769891323,1.597263487194617,SSD,0.2,0.0,0.0,0.0,0.03,0.0,0.23438151539782648,0.0,0.3194526974389234,0.0,0.0,0.0,0.04791790461583851,0.0,,,,,,,,0.0,0.035157227309673966,0.0,0.0,
STP,ST,230.871,264.565,365.115,1.1459429724824686,1.581467572800395,STP,0.03,0.0,0.0,0.0,0.0,0.0,0.03437828917447405,0.0,0.04744402718401185,0.0,0.0,0.0,0.0,0.0,,,,,,,,0.0,0.0,0.0,0.0,
SUR,SR,628.886,665.652,733.904,1.0584621060096744,1.166990519744437,SUR,0.4,0.18,0.0,0.0,0.01,0.0,0.42338484240386975,0.0,0.4667962078977748,0.21005829355399866,0.0,0.0,0.011669905197444371,0.0,,,,,,,,0.19052317908174138,0.010584621060096744,0.0,0.0,
SVK,SK,5518.055,5401.392,4936.488,0.9788579490418271,0.8946065234942384,SVK,2.5700000000000003,1.62,2.0,0.27,0.63,0.0,2.515664929037496,1.9577158980836542,2.299138765380193,1.4492625680606663,1.7892130469884768,0.24154376134344438,0.5636021098013702,0.0,SVK,Slovakia,Europe,2030.0,Capacity (GW),4.308999999999999,,1.755,1.4,0.75,0.404,2.0
SVN,SI,2118.396,2098.956,1981.553,0.9908232455121705,0.9354025404126518,SVN,1.6,1.16,0.69,0.1,1.03,0.0,1.585317192819473,0.6836680394033976,1.496644064660243,1.085066946878676,0.6454277528847296,0.09354025404126519,0.9634646166250314,0.0,SVN,Slovenia,Europe,2030.0,Capacity (GW),5.403,46.364,1.77,3.45,0.153,0.03,2.0
SWE,SE,10551.494,10841.81,11309.63,1.0275142079406006,1.0718510573005111,SWE,4.75,16.4,6.9,4.51,3.49,16.25,4.880692487717853,7.089848034790144,5.091292522177428,17.57835733972838,7.395772295373527,4.834048268425305,3.740760189978784,17.417579681133304,SWE,Sweden,Europe,2030.0,Capacity (GW),49.77,,17.13,9.2,23.44,0.0,2.0
SWZ,SZ,1230.506,1320.918,1505.331,1.0734754645649838,1.223343080001235,SWZ,0.01,0.06,0.0,0.11,0.01,0.0,0.010734754645649838,0.0,0.012233430800012352,0.0734005848000741,0.0,0.13456773880013587,0.012233430800012352,0.0,,,,,,,,0.06440852787389903,0.010734754645649838,0.0,0.11808230110214822,
SYC,SC,127.951,140.399,141.746,1.097287242772624,1.107814710318794,SYC,0.11,0.0,0.0,0.0,0.01,0.01,0.12070159670498863,0.0,0.12185961813506735,0.0,0.0,0.0,0.01107814710318794,0.01107814710318794,,,,,,,,0.0,0.01097287242772624,0.01097287242772624,0.0,
SYR,SY,23594.623,29395.54,37793.372,1.2458575837384644,1.6017790154985736,SYR,8.11,1.49,0.0,0.01,0.06,0.0,10.103905004118946,0.0,12.990427815693431,2.386650733092875,0.0,0.016017790154985737,0.09610674092991442,0.0,,,,,,,,1.856327799770312,0.07475145502430787,0.0,0.012458575837384646,
TCA,TC,46.198,48.258,50.988,1.0445906749209923,1.1036841421706567,TCA,0.09,0.0,0.0,0.0,0.0,0.0,0.0940131607428893,0.0,0.0993315727953591,0.0,0.0,0.0,0.0,0.0,,,,,,,,0.0,0.0,0.0,0.0,
TCD,TD,19319.064,24207.479,38857.686,1.25303580960237,2.01136483630884,TCD,0.28,0.0,0.0,0.0,0.0,0.0,0.3508500266886636,0.0,0.5631821541664752,0.0,0.0,0.0,0.0,0.0,,,,,,,,0.0,0.0,0.0,0.0,
TGO,TG,9304.337,10792.997,15584.778,1.1599963543882814,1.6750014536231868,TGO,0.22,0.07,0.0,0.0,0.06,0.0,0.2551991979654219,0.0,0.3685003197971011,0.11725010175362309,0.0,0.0,0.1005000872173912,0.0,,,,,,,,0.0811997448071797,0.06959978126329688,0.0,0.0,
THA,TH,71702.435,71215.022,66382.735,0.9932022810661869,0.9258086562890089,THA,43.94,3.11,0.0,4.52,3.19,1.55,43.64130823004825,0.0,40.68003235733905,2.8792649210588177,0.0,4.184655126426319,2.9533296135619382,1.4350034172479638,THA,Thailand,Asia,2030.0,Capacity (GW),21.9153,,3.1618,10.077,4.01,4.6665,2.0
TJK,TJ,10389.799,11733.068,15574.642,1.1292872942007828,1.4990320794463876,TJK,0.61,5.76,0.0,0.0,0.0,0.0,0.6888652494624775,0.0,0.9144095684622964,8.634424777611192,0.0,0.0,0.0,0.0,,,,,,,,6.504694814596508,0.0,0.0,0.0,
TKM,TM,7364.438,8135.729,9639.708,1.1047318206766084,1.3089536499594403,TKM,7.09,0.0,0.0,0.0,0.0,0.0,7.832548608597153,0.0,9.280481378212432,0.0,0.0,0.0,0.0,0.0,,,,,,,,0.0,0.0,0.0,0.0,
TLS,TL,1384.286,1519.804,1889.249,1.097897399814778,1.3647822776507166,TLS,0.35,0.0,0.0,0.0,0.0,0.0,0.3842640899351723,0.0,0.47767379717775077,0.0,0.0,0.0,0.0,0.0,,,,,,,,0.0,0.0,0.0,0.0,
TON,TO,104.597,102.072,105.195,0.9758597282904864,1.0057171811811045,TON,0.02,0.0,0.0,0.0,0.02,0.0,0.019517194565809727,0.0,0.02011434362362209,0.0,0.0,0.0,0.02011434362362209,0.0,,,,,,,,0.0,0.019517194565809727,0.0,0.0,
TTO,TT,1502.932,1512.322,1399.8,1.006247787657725,0.9313794636084666,TTO,2.08,0.0,0.0,0.0,0.0,0.0,2.092995398328068,0.0,1.9372692843056105,0.0,0.0,0.0,0.0,0.0,,,,,,,,0.0,0.0,0.0,0.0,
TUN,TN,12200.431,12628.142,13145.141,1.0350570401980062,1.0774325103760678,TUN,5.77,0.07,0.0,0.0,0.51,0.25,5.972279121942495,0.0,6.2167855848699105,0.07542027572632476,0.0,0.0,0.5494905802917945,0.26935812759401695,,,,,,,,0.07245399281386043,0.5278790905009831,0.25876426004950154,0.0,
TUR,TR,87270.501,89027.542,91258.061,1.0201332750455965,1.0456919572399384,TUR,49.16,31.78,0.0,3.7,11.29,11.7,50.14975180124152,0.0,51.40621661791537,33.232090401085244,0.0,3.869060241787772,11.805862197238904,12.234595899707278,TUR,Trkiye,Europe,2030.0,Capacity (GW),91.2,47.3,35.1,32.9,18.1,5.1,2.0
TWN,TW,23317.145,22589.95,19434.6,0.968812862809748,0.8334896918126125,TWN,40.39,2.1,1.9,0.08,12.42,2.67,39.13035152888572,1.840744439338521,33.66464865231142,1.7503283528064861,1.5836304144439637,0.066679175345009,10.351941972312646,2.225417477139675,,,,,,,,2.034507011900471,12.03265575609707,2.586730343702027,0.07750502902477983,
TZA,TZ,66617.606,80913.124,129621.102,1.2145906894342615,1.9457484257239746,TZA,1.31,0.6,0.0,0.07,0.02,0.0,1.5911138031588827,0.0,2.5489304376984068,1.1674490554343846,0.0,0.13620238980067823,0.038914968514479495,0.0,TZA,"Tanzania, the United Republic of",Africa,2030.0,Capacity (GW),4.47473,61.770992176,3.62473,0.355,0.1,0.395,2.0
UGA,UG,48656.601,58312.94,85431.202,1.1984589716819718,1.755798807236864,UGA,0.1,1.03,0.0,0.1,0.09,0.0,0.11984589716819719,0.0,0.1755798807236864,1.80847277145397,0.0,0.1755798807236864,0.15802189265131775,0.0,,,,,,,,1.234412740832431,0.10786130745137745,0.0,0.11984589716819719,
UKR,UA,37732.836,38353.853,31990.132,1.0164582646265974,0.8478061919332011,UKR,29.96,4.82,13.84,0.27,8.06,1.76,30.45308960821286,14.067782382432108,25.400273510318705,4.086425845118029,11.733637696355503,0.2289076718219643,6.833317906981601,1.492138897802434,UKR,Ukraine,Europe,2030.0,Capacity (GW),23.611,25.0,4.935,11.788,5.42,1.468,2.0
URY,UY,3388.081,3372.887,3254.354,0.995515455504163,0.9605301644205082,URY,1.1800000000000002,1.54,0.0,0.74,0.3,1.52,1.1747082374949125,0.0,1.1334255940162,1.4792164532075827,0.0,0.710792321671176,0.28815904932615244,1.4600058499191726,,,,,,,,1.533093801476411,0.29865463665124886,1.5131834923663277,0.7366814370730806,
USA,US,343477.335,355649.881,380846.91,1.035439153503389,1.1087977901074606,USA,775.3699999999999,86.66,95.77,13.66,139.21,148.02,802.8484564519227,99.16400773101957,859.7285425156216,96.08841649071253,106.1895643585915,15.146177812867911,154.3557403608596,164.12424889170632,USA,United States,North America,2030.0,Capacity (GW),938.0,59.05,75.0,468.0,369.0,26.0,2.0
UZB,UZ,35652.307,40248.241,52210.755,1.128909862691354,1.4644425394407155,UZB,16.9,2.42,0.0,0.0,0.25,0.0,19.07857667948388,0.0,24.74907891654809,3.5439509454465314,0.0,0.0,0.36611063486017886,0.0,UZB,Uzbekistan,Asia,2030.0,Capacity (GW),11.8,26.6,3.8,5.0,3.0,0.0,2.0
VCT,VC,101.323,96.856,88.942,0.955913267471354,0.8778066184380644,VCT,0.05,0.01,0.0,0.0,0.0,0.0,0.0477956633735677,0.0,0.043890330921903226,0.008778066184380644,0.0,0.0,0.0,0.0,,,,,,,,0.00955913267471354,0.0,0.0,0.0,
VEN,VE,28300.854,29151.81,31094.883,1.030068209249092,1.0987259607077582,VEN,16.669999999999998,16.81,0.0,0.17,0.0,0.04,17.171237048182363,0.0,18.315761764998328,18.469583399497413,0.0,0.1867834133203189,0.0,0.04394903842831033,,,,,,,,17.315446597477237,0.0,0.041202728369963686,0.17511159557234565,
VGB,VG,38.985,40.592,40.34,1.0412209824291394,1.034756957804284,VGB,0.06,0.0,0.0,0.0,0.0,0.0,0.062473258945748365,0.0,0.062085417468257034,0.0,0.0,0.0,0.0,0.0,,,,,,,,0.0,0.0,0.0,0.0,
VIR,VI,85.701,80.852,71.225,0.9434195633656551,0.8310871518418688,VIR,0.33,0.0,0.0,0.0,0.01,0.0,0.3113284559106662,0.0,0.2742587601078167,0.0,0.0,0.0,0.008310871518418687,0.0,,,,,,,,0.0,0.009434195633656552,0.0,0.0,
VNM,VN,100352.192,104254.902,110008.908,1.038890132066074,1.0962282517954367,VNM,35.39,22.64,0.0,0.38,17.08,5.89,36.766321773818355,0.0,38.795517831040506,24.818607620648688,0.0,0.41656673568226593,18.723578540666058,6.456784403075122,VNM,Viet Nam,Asia,2030.0,Capacity (GW),82.076,47.0,29.346,22.58,27.88,2.27,2.0
VUT,VU,320.409,372.428,534.388,1.1623518690174122,1.6678308037539522,VUT,0.02,0.0,0.0,0.0,0.0,0.0,0.023247037380348244,0.0,0.033356616075079046,0.0,0.0,0.0,0.0,0.0,,,,,,,,0.0,0.0,0.0,0.0,
WSM,WS,216.663,225.971,272.726,1.0429607270276882,1.2587566866516202,WSM,0.05,0.02,0.0,0.0,0.01,0.0,0.05214803635138441,0.0,0.06293783433258102,0.025175133733032404,0.0,0.0,0.012587566866516202,0.0,,,,,,,,0.020859214540553762,0.010429607270276881,0.0,0.0,
XKX,XK,1700.031,1661.293,1643.619,0.9772133566976131,0.9668170756886197,XKX,1.29,0.11,0.0,0.0,0.02,0.14,1.2606052301399209,0.0,1.2471940276383195,0.10634987832574817,0.0,0.0,0.019336341513772396,0.13535439059640678,XKX,Kosovo,Europe,2030.0,Capacity (GW),1.45179,43.0,0.10188,0.63675,0.68769,0.02547,2.0
YEM,YE,39390.799,47667.662,70976.403,1.2101217342659132,1.8018523310481722,YEM,2.19,0.0,0.0,0.0,0.29,0.0,2.65016659804235,0.0,3.9460566049954973,0.0,0.0,0.0,0.5225371760039699,0.0,,,,,,,,0.0,0.3509353029371148,0.0,0.0,
ZAF,ZA,63212.384,68161.359,79177.328,1.0782912253396424,1.2525603843702524,ZAF,49.6,0.75,1.93,0.26,6.16,3.44,53.48324477684626,2.08110206490551,62.12699506476452,0.9394202882776893,2.417441541834587,0.32566569993626565,7.715771967720755,4.308807722233668,ZAF,South Africa,Africa,2030.0,Capacity (GW),30.63,32.5,4.6,8.288,17.742,0.0,2.0
ZMB,ZM,20723.965,25024.901,38083.385,1.207534417279705,1.837649552100672,ZMB,0.52,3.17,0.0,0.04,0.12,0.0,0.6279178969854465,0.0,0.9555777670923494,5.82534908015913,0.0,0.07350598208402688,0.22051794625208063,0.0,,,,,,,,3.8278841027766646,0.1449041300735646,0.0,0.0483013766911882,
ZWE,ZW,16340.822,18610.349,25866.385,1.1388869544016818,1.5829304670230175,ZWE,1.34,1.08,0.0,0.1,0.04,0.0,1.5261085188982537,0.0,2.1211268258108436,1.709564904384859,0.0,0.15829304670230177,0.0633172186809207,0.0,,,,,,,,1.2299979107538164,0.04555547817606727,0.0,0.11388869544016818,
